NPS,class,o_mm,tf_mm,hub_mm,bore_mm,bc_mm,n_bolts,d_bolt_mm
1/2,150,89.0,11.2,30.2,15.7,60.5,4,15.9
3/4,150,98.6,12.7,38.1,20.8,69.8,4,15.9
1,150,108.0,14.3,49.3,26.7,79.2,4,15.9
1 1/2,150,127.0,17.5,65.0,40.9,98.6,4,15.9
2,150,152.4,19.1,77.7,52.5,120.7,4,19.1
3,150,190.5,23.9,108.0,77.9,152.4,4,19.1
4,150,228.6,23.9,134.9,102.3,190.5,8,19.1
6,150,279.4,25.4,188.9,154.1,241.3,8,22.2
8,150,342.9,28.6,246.1,202.7,298.5,8,22.2
1/2,300,95.2,14.3,38.1,15.7,66.7,4,15.9
3/4,300,117.3,15.9,47.6,20.8,82.6,4,19.1
1,300,123.8,17.5,54.0,26.7,88.9,4,19.1
2,300,165.1,22.2,84.1,52.5,127.0,8,19.1