b165_group,temp_c,class_150_bar,class_300_bar,class_600_bar
1.1,38,19.6,51.1,102.1
1.1,100,17.7,46.6,93.2
1.1,150,15.8,45.1,90.2
1.1,200,13.8,43.8,87.6
1.1,250,12.1,41.9,83.9
1.1,300,10.2,39.8,79.6
1.9,38,19.8,51.7,103.4
1.9,100,17.7,51.5,103.0
1.9,150,15.8,50.3,100.5
1.9,200,13.8,48.6,97.2
1.9,250,12.1,46.3,92.7
1.9,300,10.2,42.9,85.7
1.10,38,19.8,51.7,103.4
1.10,100,17.7,51.5,103.0
1.10,150,15.8,50.3,100.5
1.10,200,13.8,48.6,97.2
1.10,250,12.1,46.3,92.7
1.10,300,10.2,42.9,85.7
2.1,38,15.9,41.4,82.7
2.1,100,13.5,35.2,70.3
2.1,150,12.8,33.3,66.6
2.1,200,12.1,31.6,63.3
2.1,250,11.3,30.2,60.5
2.1,300,10.2,29.1,58.2
2.2,38,19.0,49.6,99.3
2.2,100,16.2,42.2,84.5
2.2,150,14.8,38.5,77.0
2.2,200,13.7,35.7,71.3
2.2,250,12.1,33.7,67.5
2.2,300,10.2,32.3,64.6
2.3,38,15.9,41.4,82.7
2.3,100,13.3,34.8,69.6
2.3,150,12.1,31.6,63.3
2.3,200,11.2,29.3,58.6
2.3,250,10.5,27.5,54.9
2.3,300,10.0,26.1,52.1