NPS,Schedule,Do_mm,t_pipe_mm
0.125,10S,10.3,1.24
0.125,40S,10.3,1.73
0.125,80S,10.3,2.41
0.25,10S,13.7,1.65
0.25,40S,13.7,2.24
0.25,80S,13.7,3.02
0.375,10S,17.1,1.65
0.375,40S,17.1,2.31
0.375,80S,17.1,3.20
0.5,5S,21.3,1.65
0.5,10S,21.3,2.11
0.5,40S,21.3,2.77
0.5,80S,21.3,3.73
0.75,5S,26.7,1.65
0.75,10S,26.7,2.11
0.75,40S,26.7,2.87
0.75,80S,26.7,3.91
1.0,5S,33.4,1.65
1.0,10S,33.4,2.77
1.0,40S,33.4,3.38
1.0,80S,33.4,4.55
1.25,5S,42.2,1.65
1.25,10S,42.2,2.77
1.25,40S,42.2,3.56
1.25,80S,42.2,4.85
1.5,5S,48.3,1.65
1.5,10S,48.3,2.77
1.5,40S,48.3,3.68
1.5,80S,48.3,5.08
2.0,5S,60.3,1.65
2.0,10S,60.3,2.77
2.0,40S,60.3,3.91
2.0,80S,60.3,5.54
2.5,5S,73.0,2.11
2.5,10S,73.0,3.05
2.5,40S,73.0,5.16
2.5,80S,73.0,7.01
3.0,5S,88.9,2.11
3.0,10S,88.9,3.05
3.0,40S,88.9,5.49
3.0,80S,88.9,7.62
3.5,5S,101.6,2.11
3.5,10S,101.6,3.05
3.5,40S,101.6,5.74
3.5,80S,101.6,8.08
4.0,5S,114.3,2.11
4.0,10S,114.3,3.05
4.0,40S,114.3,6.02
4.0,80S,114.3,8.56
5.0,5S,141.3,2.77
5.0,10S,141.3,3.40
5.0,40S,141.3,6.55
5.0,80S,141.3,9.53
6.0,5S,168.3,2.77
6.0,10S,168.3,3.40
6.0,40S,168.3,7.11
6.0,80S,168.3,10.97
8.0,5S,219.1,2.77
8.0,10S,219.1,3.76
8.0,40S,219.1,8.18
8.0,80S,219.1,12.70
10.0,5S,273.1,3.40
10.0,10S,273.1,4.19
10.0,40S,273.1,9.27
10.0,80S,273.1,12.70
12.0,5S,323.9,3.96
12.0,10S,323.9,4.57
12.0,40S,323.9,9.53
12.0,80S,323.9,12.70
14.0,5S,355.6,3.96
14.0,10S,355.6,4.78
14.0,40S,355.6,9.53
14.0,80S,355.6,12.70
16.0,5S,406.4,4.19
16.0,10S,406.4,4.78
16.0,40S,406.4,9.53
16.0,80S,406.4,12.70
18.0,5S,457.0,4.19
18.0,10S,457.0,4.78
18.0,40S,457.0,9.53
18.0,80S,457.0,12.70
20.0,5S,508.0,4.78
20.0,10S,508.0,5.54
20.0,40S,508.0,9.53
20.0,80S,508.0,12.70
22.0,5S,559.0,4.78
22.0,10S,559.0,5.54
24.0,5S,610.0,5.54
24.0,10S,610.0,6.35
24.0,40S,610.0,9.53
24.0,80S,610.0,12.70
30.0,5S,762.0,6.35
30.0,10S,762.0,7.92